run_id,provenance,configuration_hash,phase,prompt_id,prompt_hash,sample_index,sample_source_hash,slot_id,sample_id,opponent_id,opponent_source_hash,profile_hash,seed,status,outcome,cause,reason
synthetic-report-example,synthetic,d2aed42fd4a89f24cc5a0df3de554f700bed6f3e9ed99224da049f69928b285e,optimization,baseline,038afc491c23976e5a190300662bd128ba104a615fa43ae3e9aeb9a747d6d1e0,0,0fac90c0febe1650c5e88cc7f0549e1a20884845eb5f8a1a96929a981b001597,b8aaa7de3e86e8b79bbc8328f03c9f4f24de3225d3eac49293008b6bc8bccac0,sample-0,synthetic-opponent-a,1111111111111111111111111111111111111111111111111111111111111111,2222222222222222222222222222222222222222222222222222222222222222,0,played,win,,
synthetic-report-example,synthetic,d2aed42fd4a89f24cc5a0df3de554f700bed6f3e9ed99224da049f69928b285e,optimization,baseline,038afc491c23976e5a190300662bd128ba104a615fa43ae3e9aeb9a747d6d1e0,0,0fac90c0febe1650c5e88cc7f0549e1a20884845eb5f8a1a96929a981b001597,4a2362ed28d8fc7c7b6f758ae34d5c844d4321639921f39bff056157682d03b5,sample-0,synthetic-opponent-a,1111111111111111111111111111111111111111111111111111111111111111,2222222222222222222222222222222222222222222222222222222222222222,1,played,win,,
synthetic-report-example,synthetic,d2aed42fd4a89f24cc5a0df3de554f700bed6f3e9ed99224da049f69928b285e,optimization,baseline,038afc491c23976e5a190300662bd128ba104a615fa43ae3e9aeb9a747d6d1e0,0,0fac90c0febe1650c5e88cc7f0549e1a20884845eb5f8a1a96929a981b001597,70790f9a42efce85cf9f151656d964a231ecad6b216718a9c33482d79ba2be5f,sample-0,synthetic-opponent-a,1111111111111111111111111111111111111111111111111111111111111111,2222222222222222222222222222222222222222222222222222222222222222,2,played,win,,
synthetic-report-example,synthetic,d2aed42fd4a89f24cc5a0df3de554f700bed6f3e9ed99224da049f69928b285e,optimization,baseline,038afc491c23976e5a190300662bd128ba104a615fa43ae3e9aeb9a747d6d1e0,0,0fac90c0febe1650c5e88cc7f0549e1a20884845eb5f8a1a96929a981b001597,9ab49b59bf1855439641f27ce75109de6dcce1e924c953ae9c00fe9f3d433225,sample-0,synthetic-opponent-b,3333333333333333333333333333333333333333333333333333333333333333,4444444444444444444444444444444444444444444444444444444444444444,0,played,win,,
synthetic-report-example,synthetic,d2aed42fd4a89f24cc5a0df3de554f700bed6f3e9ed99224da049f69928b285e,optimization,baseline,038afc491c23976e5a190300662bd128ba104a615fa43ae3e9aeb9a747d6d1e0,0,0fac90c0febe1650c5e88cc7f0549e1a20884845eb5f8a1a96929a981b001597,771c28ef8b3524fac6129bb70726ab86c8a58b41249f987a072c30513f9331e1,sample-0,synthetic-opponent-b,3333333333333333333333333333333333333333333333333333333333333333,4444444444444444444444444444444444444444444444444444444444444444,1,played,win,,
synthetic-report-example,synthetic,d2aed42fd4a89f24cc5a0df3de554f700bed6f3e9ed99224da049f69928b285e,optimization,baseline,038afc491c23976e5a190300662bd128ba104a615fa43ae3e9aeb9a747d6d1e0,0,0fac90c0febe1650c5e88cc7f0549e1a20884845eb5f8a1a96929a981b001597,d433f1550dcbd27076204aa0d15bfabbf843bde534d2fd71b6ad14c53305d6de,sample-0,synthetic-opponent-b,3333333333333333333333333333333333333333333333333333333333333333,4444444444444444444444444444444444444444444444444444444444444444,2,played,loss,,
synthetic-report-example,synthetic,d2aed42fd4a89f24cc5a0df3de554f700bed6f3e9ed99224da049f69928b285e,optimization,baseline,038afc491c23976e5a190300662bd128ba104a615fa43ae3e9aeb9a747d6d1e0,1,bc9cb925143c7d1101c044a8b2d85d3f962c8dd529de3947086a453a87f4c80f,900446270d64eb3d99bfbacc5d2af95f00fe60bbe6b7a6c2b92dba4ac522348f,sample-1,synthetic-opponent-a,1111111111111111111111111111111111111111111111111111111111111111,2222222222222222222222222222222222222222222222222222222222222222,0,played,win,,
synthetic-report-example,synthetic,d2aed42fd4a89f24cc5a0df3de554f700bed6f3e9ed99224da049f69928b285e,optimization,baseline,038afc491c23976e5a190300662bd128ba104a615fa43ae3e9aeb9a747d6d1e0,1,bc9cb925143c7d1101c044a8b2d85d3f962c8dd529de3947086a453a87f4c80f,ab4a3804349124a5f85ac445f8e20531aa4623dc8c8ec0b1d9b5d09a51e72ce0,sample-1,synthetic-opponent-a,1111111111111111111111111111111111111111111111111111111111111111,2222222222222222222222222222222222222222222222222222222222222222,1,played,loss,,
synthetic-report-example,synthetic,d2aed42fd4a89f24cc5a0df3de554f700bed6f3e9ed99224da049f69928b285e,optimization,baseline,038afc491c23976e5a190300662bd128ba104a615fa43ae3e9aeb9a747d6d1e0,1,bc9cb925143c7d1101c044a8b2d85d3f962c8dd529de3947086a453a87f4c80f,84620200e0ead2a35228cd1a4807124fd9b7da8e08a026d70402eb3f0456dc0d,sample-1,synthetic-opponent-a,1111111111111111111111111111111111111111111111111111111111111111,2222222222222222222222222222222222222222222222222222222222222222,2,played,loss,,
synthetic-report-example,synthetic,d2aed42fd4a89f24cc5a0df3de554f700bed6f3e9ed99224da049f69928b285e,optimization,baseline,038afc491c23976e5a190300662bd128ba104a615fa43ae3e9aeb9a747d6d1e0,1,bc9cb925143c7d1101c044a8b2d85d3f962c8dd529de3947086a453a87f4c80f,4944e79c44e5e3256d7691ee341abd2e23b20cefcf40f5ff66448a5ad1a78ddf,sample-1,synthetic-opponent-b,3333333333333333333333333333333333333333333333333333333333333333,4444444444444444444444444444444444444444444444444444444444444444,0,played,loss,,
synthetic-report-example,synthetic,d2aed42fd4a89f24cc5a0df3de554f700bed6f3e9ed99224da049f69928b285e,optimization,baseline,038afc491c23976e5a190300662bd128ba104a615fa43ae3e9aeb9a747d6d1e0,1,bc9cb925143c7d1101c044a8b2d85d3f962c8dd529de3947086a453a87f4c80f,906ed36e38ef66dbdf7df3997f4f22770d70fa79d5ad722ba6f179d3b57285be,sample-1,synthetic-opponent-b,3333333333333333333333333333333333333333333333333333333333333333,4444444444444444444444444444444444444444444444444444444444444444,1,played,loss,,
